{"name":"4af84262-cdca-4dc7-be67-f48d11a8a987","id":"/providers/Microsoft.Flow/flows/4af84262-cdca-4dc7-be67-f48d11a8a987","type":"Microsoft.Flow/flows","properties":{"apiId":"/providers/Microsoft.PowerApps/apis/shared_logicflows","displayName":"Comm and Teams site request Flow","definition":{"metadata":{"workflowEntityId":null,"processAdvisorMetadata":null,"flowclientsuspensionreason":"None","flowclientsuspensiontime":null,"creator":{"id":"9a63da3e-c59e-48ef-93f8-45816989cb70","type":"User","tenantId":"caa13f1a-e6d2-4a56-94d5-c7e5b50a6b93"},"provisioningMethod":"FromDefinition","failureAlertSubscription":true,"clientLastModifiedTime":"2022-05-27T13:32:27.9723061Z"},"$schema":"https://schema.management.azure.com/providers/Microsoft.Logic/schemas/2016-06-01/workflowdefinition.json#","contentVersion":"1.0.0.0","parameters":{"$connections":{"defaultValue":{},"type":"Object"},"$authentication":{"defaultValue":{},"type":"SecureObject"}},"triggers":{"When_a_new_response_is_submitted":{"splitOn":"@triggerOutputs()?['body/value']","metadata":{"operationMetadataId":"1f2496c1-1649-4ced-ab5c-5865f9b1aa4b"},"type":"OpenApiConnectionWebhook","inputs":{"host":{"apiId":"/providers/Microsoft.PowerApps/apis/shared_microsoftforms","connectionName":"shared_microsoftforms","operationId":"CreateFormWebhook"},"parameters":{"form_id":"Gj-hytLmVkqU1cfltQprkz7aY5qexe9Ik_hFgWmJy3BUQU1JSDMxMDJKUkhDS0xTMTNSUUg0OFhFVi4u"},"authentication":"@parameters('$authentication')"}}},"actions":{"Create_item":{"runAfter":{"Get_user":["Succeeded"]},"metadata":{"operationMetadataId":"5e48d4d4-c542-4408-9264-57dc6d3c1fc9"},"type":"OpenApiConnection","inputs":{"host":{"apiId":"/providers/Microsoft.PowerApps/apis/shared_sharepointonline","connectionName":"shared_sharepointonline","operationId":"PostItem"},"parameters":{"dataset":"https://trailtenant288.sharepoint.com/sites/NewSecondsite","table":"9d4ef832-4ac5-42cc-b4f8-d5f2eb9a3191","item/Title":"@outputs('Get_response_details')?['body/rae3bc7e719ae4f0a8094ecb9df6dbf20']","item/URL":"@outputs('Get_response_details')?['body/rb5ef4581035e48e0b03f74b235739fb4']","item/SiteOwner/Claims":"@outputs('Get_response_details')?['body/r6770cb0eba4a4e69888a393b8dedbffb']","item/SiteTemplate/Value":"@outputs('Get_response_details')?['body/r0ba9296eeb664836b39ba69247895d9d']","item/Description":"@outputs('Get_response_details')?['body/r77c26fd79ff845778e1fa092aa8ae94e']"},"authentication":"@parameters('$authentication')"}},"Get_response_details":{"runAfter":{},"metadata":{"operationMetadataId":"3e091e04-d2d9-4393-9f66-4f3f916bc073"},"type":"OpenApiConnection","inputs":{"host":{"apiId":"/providers/Microsoft.PowerApps/apis/shared_microsoftforms","connectionName":"shared_microsoftforms","operationId":"GetFormResponseById"},"parameters":{"form_id":"Gj-hytLmVkqU1cfltQprkz7aY5qexe9Ik_hFgWmJy3BUQU1JSDMxMDJKUkhDS0xTMTNSUUg0OFhFVi4u","response_id":"@triggerOutputs()?['body/resourceData/responseId']"},"authentication":"@parameters('$authentication')"}},"Get_user":{"runAfter":{"Get_response_details":["Succeeded"]},"metadata":{"operationMetadataId":"3a750b3a-2815-498e-96f3-e79742eb490a"},"type":"OpenApiConnection","inputs":{"host":{"apiId":"/providers/Microsoft.PowerApps/apis/shared_azuread","connectionName":"shared_azuread","operationId":"GetUser"},"parameters":{"id":"@outputs('Get_response_details')?['body/r6770cb0eba4a4e69888a393b8dedbffb']"},"authentication":"@parameters('$authentication')"}},"Update_item":{"runAfter":{"Create_item":["Succeeded"]},"metadata":{"operationMetadataId":"4b3ccccd-2c0b-48d6-b159-3c3253d5ed85"},"type":"OpenApiConnection","inputs":{"host":{"apiId":"/providers/Microsoft.PowerApps/apis/shared_sharepointonline","connectionName":"shared_sharepointonline","operationId":"PatchItem"},"parameters":{"dataset":"https://trailtenant288.sharepoint.com/sites/NewSecondsite","table":"9d4ef832-4ac5-42cc-b4f8-d5f2eb9a3191","id":"@outputs('Create_item')?['body/ID']","item/Title":"@outputs('Get_response_details')?['body/rae3bc7e719ae4f0a8094ecb9df6dbf20']","item/URL":"@outputs('Get_response_details')?['body/rb5ef4581035e48e0b03f74b235739fb4']","item/SiteOwner/Claims":"@outputs('Get_response_details')?['body/r6770cb0eba4a4e69888a393b8dedbffb']","item/SiteTemplate/Value":"@outputs('Get_response_details')?['body/r0ba9296eeb664836b39ba69247895d9d']","item/Description":"@outputs('Get_response_details')?['body/r77c26fd79ff845778e1fa092aa8ae94e']"},"authentication":"@parameters('$authentication')"}},"Condition":{"actions":{"Send_an_HTTP_request_to_SharePoint":{"runAfter":{},"metadata":{"operationMetadataId":"0f080a01-953a-4582-afc6-710ad45653bf"},"type":"OpenApiConnection","inputs":{"host":{"apiId":"/providers/Microsoft.PowerApps/apis/shared_sharepointonline","connectionName":"shared_sharepointonline","operationId":"HttpRequest"},"parameters":{"dataset":"https://trailtenant288.sharepoint.com/sites/NewSecondsite","parameters/method":"POST","parameters/uri":"_api/SPSiteManager/create","parameters/body":"{\n  \"request\": {\n    \"Title\": \"@{outputs('Update_item')?['body/Title']}\",\n    \"Url\":\"https://trailtenant288.sharepoint.com/sites/@{outputs('Update_item')?['body/URL']}\",\n    \"Lcid\": 1033,\n    \"Description\":\"@{outputs('Update_item')?['body/Description']}\",\n    \"WebTemplate\":\"SITEPAGEPUBLISHING#0\",\n    \"Owner\":\"@{outputs('Create_item')?['body/SiteOwner/Email']}\"\n  }\n}"},"authentication":"@parameters('$authentication')"}}},"runAfter":{"Update_item":["Succeeded"]},"else":{"actions":{"Send_an_HTTP_request_to_SharePoint_2":{"runAfter":{},"metadata":{"operationMetadataId":"9c7e16f3-44af-4677-9f12-31ebef2222b8"},"type":"OpenApiConnection","inputs":{"host":{"apiId":"/providers/Microsoft.PowerApps/apis/shared_sharepointonline","connectionName":"shared_sharepointonline","operationId":"HttpRequest"},"parameters":{"dataset":"https://trailtenant288.sharepoint.com/sites/NewSecondsite","parameters/method":"POST","parameters/uri":"_api/SPSiteManager/create","parameters/body":"{\n  \"request\": {\n    \"Title\": \"@{outputs('Update_item')?['body/Title']}\",\n    \"Url\":\"https://trailtenant288.sharepoint.com/sites/@{outputs('Update_item')?['body/URL']}\",\n    \"Lcid\": 1033,\n    \"Description\":\"@{outputs('Update_item')?['body/Description']}\",\n    \"WebTemplate\":\"STS#3\",\n    \"Owner\":\"@{outputs('Update_item')?['body/SiteOwner/Email']}\"\n  }\n}"},"authentication":"@parameters('$authentication')"}}}},"expression":{"contains":["@outputs('Update_item')?['body/SiteTemplate/Value']","Communication "]},"metadata":{"operationMetadataId":"80b55464-77cf-4d26-b16a-b2dc17a79584"},"type":"If"}}},"connectionReferences":{"shared_microsoftforms":{"connectionName":"shared-microsoftform-d250e92f-00da-4b44-846a-1274129bda7e","source":"Embedded","id":"/providers/Microsoft.PowerApps/apis/shared_microsoftforms","tier":"NotSpecified"},"shared_sharepointonline":{"connectionName":"shared-sharepointonl-0ce20369-b926-46ad-90f1-cd62ecfa735e","source":"Embedded","id":"/providers/Microsoft.PowerApps/apis/shared_sharepointonline","tier":"NotSpecified"},"shared_azuread":{"connectionName":"shared-azuread-68440caf-184f-43d5-9163-167ef70f97b4","source":"Embedded","id":"/providers/Microsoft.PowerApps/apis/shared_azuread","tier":"NotSpecified"}},"flowFailureAlertSubscribed":false,"isManaged":false}}